,주문번호,수령방법,결제방법,항목,추가선택,드레싱,서비스타입,주문금액,배달팁,결제금액,주문시각,접수시각,배달시각,주소,요청사항,배달요청사항,요금_요청,최소시간차,실제배달료
3689,B0QI005948,배달,바로결제,"이너프 샐러드, 이너프 샐러드, 이너프 샐러드",,"오리엔탈, 렌치",배민,12900,3500,16400,2020-08-12 11:05:12,2020-08-12 11:06:26,2020-08-12 12:06:26,전북 전주시 완산구 서신동 ****,할라피뇨 많이 주세요 :-),1층 로비에서 연락주시면 내려갈게요,[161],161.0,3300.0
3690,B0QI005WVR,배달,바로결제,"훈제연어 샐러드, 숲속 샐러드, 이너프 샐러드",닭가슴살 (100g),"오리엔탈, 렌치, 오리엔탈",배민,19200,3500,22700,2020-08-12 11:19:18,2020-08-12 11:19:33,2020-08-12 12:19:33,전북 전주시 덕진구 송천2동 ****,,노크 후 문앞에 놓아주세요,[160],160.0,3600.0
3691,B0QI0066RA,배달,바로결제,"훈제연어 샐러드, 숲속 샐러드, 목살 샐러드",,"렌치, 오리엔탈, 오리엔탈",배민,19200,3000,22200,2020-08-12 11:22:23,2020-08-12 11:23:18,2020-08-12 12:23:18,전북 전주시 덕진구 금암2동 ****,,조심히 안전하게 와주세요 :),[159],159.0,3300.0
3692,B0QI006DHB,배달,바로결제,"이너프 샐러드, 이너프 샐러드, 이너프 샐러드, 이너프 샐러드",,렌치,배민,17200,4500,21700,2020-08-12 11:25:02,2020-08-12 11:25:21,2020-08-12 12:25:21,전북 전주시 완산구 중앙동 ****,,조심히 안전하게 와주세요 :),[158],158.0,4800.0
3693,B0QI006G7G,배달,바로결제,"숲속 샐러드, 목살 샐러드, 숲속 샐러드","목살 (100g), 목살 (100g), 닭가슴살 (100g)","오리엔탈, 오리엔탈, 오리엔탈",배민,25500,3000,28500,2020-08-12 11:26:44,2020-08-12 11:30:17,2020-08-12 12:30:17,전북 전주시 덕진구 금암2동 ****,,조심히 안전하게 와주세요 :),[157],157.0,3500.0
3696,B0QI00AWOS,배달,바로결제,훈제연어 샐러드,연어 (100g),렌치,배민,10400,3000,13400,2020-08-12 12:35:15,2020-08-12 12:35:29,2020-08-12 13:25:29,전북 전주시 덕진구 금암2동 ****,,조심히 안전하게 와주세요 :),[154],154.0,3500.0
3698,B0QI00I4NU,배달,만나서결제,"훈제연어 샐러드, 목살 샐러드","연어 (100g), 숲속토핑 (110g)","렌치, 오리엔탈",배민,18900,3500,22400,2020-08-12 15:24:13,2020-08-12 15:24:35,2020-08-12 16:24:35,전북 전주시 완산구 서신동 ****,"양파, 토마토, 할라피뇨 빼주세요! 돌아와주셔서 기뻐요 오래 기다렸어요",조심히 안전하게 와주세요 :),[ 40  69 152],40.0,3300.0
3699,B0QI00J0L7,배달,바로결제,"숲속 샐러드, 이너프 샐러드, 닭가슴살 샐러드, 훈제연어 샐러드",고구마 (50g),"오리엔탈, 발사믹, 오리엔탈, 렌치",배민,23700,3500,27200,2020-08-12 15:48:19,2020-08-12 15:51:10,2020-08-12 16:41:10,전북 전주시 덕진구 송천2동 ****,이너프 첫도전! 리뷰 쓸게요,행운빌이 2곳이기에 !!!건물번호확인 필수!!! 입니다 빗길조심하세용 :),[151],151.0,3300.0
3700,B0QI00L86W,배달,만나서결제,"훈제연어 샐러드, 훈제연어 샐러드, 목살 샐러드","연어 (100g), 연어 (100g), 고구마 (50g), 목살 (100g)","렌치, 렌치, 렌치, 렌치, 렌치",배민,31500,2500,34000,2020-08-12 16:46:17,2020-08-12 16:46:54,2020-08-12 17:46:54,전북 전주시 덕진구 진북동 ****,,조심히 안전하게 와주세요 :),[150],150.0,3600.0
3701,B0QI00LYB4,배달,바로결제,"이너프 샐러드, 이너프 샐러드, 이너프 샐러드, 닭가슴살 샐러드, 닭가슴살 샐러드, 닭가슴살 샐러드",,"발사믹, 오리엔탈",배민,30600,2000,32600,2020-08-12 17:01:25,2020-08-12 17:02:30,2020-08-12 18:02:30,전북 전주시 덕진구 금암1동 ****,,조심히 안전하게 와주세요 :),[149],149.0,3300.0
3703,B0QI00OME2,배달,바로결제,"이너프 샐러드, 숲속 샐러드",,"오리엔탈, 렌치",배민,10200,3500,13700,2020-08-12 17:44:30,2020-08-12 17:44:44,2020-08-12 18:44:44,전북 전주시 덕진구 인후2동 ****,아기가자고있으니 현관문호출누르지못하게 한번더 말해주세요ㅠ,1701호앞에 놓고 그냥 가주세요 알아서가져갈께요 1701열쇠0909종,[147],147.0,4400.0
3704,B0QI00RGSC,배달,바로결제,"숲속 샐러드, 목살 샐러드",,"렌치, 렌치",배민,12300,3000,15300,2020-08-12 18:14:39,2020-08-12 18:15:23,2020-08-12 19:15:23,전북 전주시 덕진구 덕진동 ****,,조심히 안전하게 와주세요 :),[ 41  67 146 215 219],41.0,3300.0
3705,B0QJ006GZL,배달,바로결제,"훈제연어 샐러드, 목살 샐러드",,"렌치, 오리엔탈",배민,13300,3000,16300,2020-08-13 11:03:20,2020-08-13 11:03:40,2020-08-13 12:03:40,전북 전주시 덕진구 금암2동 ****,,조심히 안전하게 와주세요 :),[ 25  68 145 210 217],25.0,3500.0
3706,B0QJ00707X,배달,바로결제,"이너프 샐러드, 이너프 샐러드, 이너프 샐러드",,렌치,배민,12900,3000,15900,2020-08-13 11:04:03,2020-08-13 11:04:57,2020-08-13 12:04:57,전북 전주시 덕진구 덕진동 ****,(수저포크X),조심히 안전하게 와주세요 :),[ 24 144],24.0,3700.0
3707,B0QJ006SJX,배달,바로결제,훈제연어 샐러드,"목살 (100g), 고구마 (50g)",렌치,배민,10200,3000,13200,2020-08-13 11:05:23,2020-08-13 11:05:33,2020-08-13 12:05:33,전북 전주시 덕진구 덕진동 ****,,현관암호 1254#,[ 21 141],21.0,3300.0
3708,B0QJ0076JI,배달,바로결제,"닭가슴살 샐러드, 닭가슴살 샐러드",,"렌치, 오리엔탈",배민,11800,3000,14800,2020-08-13 11:06:07,2020-08-13 11:06:35,2020-08-13 12:06:35,전북 전주시 덕진구 금암1동 ****,,문앞에 두고 벨 눌러주세요,[ 22 142],22.0,3300.0
3709,B0QJ007GJL,배달,바로결제,"목살 샐러드, 목살 샐러드","숲속토핑 (110g), 목살 (100g)","오리엔탈, 드레싱",배민,17500,3500,21000,2020-08-13 11:07:13,2020-08-13 11:07:33,2020-08-13 12:07:33,전북 전주시 덕진구 송천2동 ****,두개 모두 양파 빼주세요! (수저포크X),조심히 안전하게 와주세요 :),[ 23 143],23.0,4100.0
3716,B0QJ00F0NA,배달,바로결제,"목살 샐러드, 닭가슴살 샐러드",,"오리엔탈, 오리엔탈",배민,12300,3000,15300,2020-08-13 13:06:46,2020-08-13 13:07:01,2020-08-13 14:07:01,전북 전주시 덕진구 금암2동 ****,,문앞에 두고 벨 눌러주세요,[ 14 134],14.0,3300.0
3717,B0QJ00F1HA,배달,바로결제,"숲속 샐러드, 훈제연어 샐러드",,"렌치, 렌치",배민,12800,3000,15800,2020-08-13 13:07:57,2020-08-13 13:10:38,2020-08-13 14:10:38,전북 전주시 덕진구 덕진동 ****,,문앞에 두고 벨 눌러주세요,[ 13  27 133],13.0,3300.0
3718,B0QJ00EZ41,배달,바로결제,"닭가슴살 샐러드, 닭가슴살 샐러드",,오리엔탈,배민,11800,3000,14800,2020-08-13 13:07:59,2020-08-13 13:10:32,2020-08-13 14:10:32,전북 전주시 덕진구 덕진동 ****,2개 다 할라페뇨 빼주세요. (수저포크X),도착하기 전에 전화해주세요,[ 12 132],12.0,3300.0
3719,B0QJ00GHCP,배달,바로결제,"숲속 샐러드, 닭가슴살 샐러드",,"오리엔탈, 렌치",배민,11800,3500,15300,2020-08-13 13:39:36,2020-08-13 13:41:18,2020-08-13 14:41:18,전북 전주시 덕진구 인후2동 ****,,도착해서 전화주세요,[ 11  35  64 131],11.0,3500.0
3720,B0QJ00JXJ1,배달,바로결제,목살 샐러드,"목살 (100g), 숲속토핑 (110g), 고구마 (50g)",오리엔탈,배민,11800,3000,14800,2020-08-13 15:02:29,2020-08-13 15:02:50,2020-08-13 15:52:50,전북 전주시 덕진구 덕진동 ****,리뷰쓸게요!.,문고리에 걸어주세요 감사합니당,[ 10 130],10.0,3300.0
3721,B0QJ00LU24,배달,바로결제,"닭가슴살 샐러드, 닭가슴살 샐러드, 목살 샐러드",숲속토핑 (110g),"오리엔탈, 오리엔탈",배민,22400,4500,26900,2020-08-13 15:52:57,2020-08-13 15:53:13,2020-08-13 16:53:13,전북 전주시 완산구 중화산2동 ****,,조심히 안전하게 와주세요 :),[  9 129],9.0,4600.0
3722,B0QJ00M9YI,배달,바로결제,"숲속 샐러드, 이너프 샐러드",,"렌치, 렌치",배민,10200,4000,14200,2020-08-13 15:58:43,2020-08-13 15:58:59,2020-08-13 16:58:59,전북 전주시 덕진구 송천1동 ****,,조심히 안전하게 와주세요 :),[  8 128 182],8.0,5100.0
3723,B0QJ00O5UP,배달,바로결제,"이너프 샐러드, 이너프 샐러드, 이너프 샐러드, 훈제연어 샐러드",,"렌치, 렌치",배민,19800,3500,23300,2020-08-13 16:44:54,2020-08-13 16:45:11,2020-08-13 17:45:11,전북 전주시 덕진구 송천2동 ****,(수저포크X),조심히 안전하게 와주세요 :),[  7 127 227],7.0,3300.0
3724,B0QJ00OO23,배달,바로결제,"목살 샐러드, 훈제연어 샐러드, 숲속 샐러드","고구마 (50g), 고구마 (50g)","렌치, 렌치, 발사믹",배민,20600,3500,24100,2020-08-13 16:59:32,2020-08-13 16:59:47,2020-08-13 17:59:47,전북 전주시 완산구 서신동 ****,,조심히 안전하게 와주세요 :),[  6 126],6.0,3300.0
3725,B0QJ00R7O3,배달,바로결제,"숲속 샐러드, 훈제연어 샐러드, 이너프 샐러드",고구마 (50g),"발사믹, 렌치, 드레싱",배민,17800,3000,20800,2020-08-13 17:37:44,2020-08-13 17:38:01,2020-08-13 18:38:01,전북 전주시 덕진구 금암1동 ****,,조심히 안전하게 와주세요 :),[  5 125],5.0,3300.0
3726,B0QJ00RUFZ,배달,바로결제,"이너프 샐러드, 숲속 샐러드","고구마 (50g), 목살 (100g), 고구마 (50g)","발사믹, 발사믹, 렌치",배민,14700,3000,17700,2020-08-13 17:39:50,2020-08-13 17:40:38,2020-08-13 18:40:38,전북 전주시 덕진구 금암1동 ****,(수저포크X),문 앞에 두고 노크 부탁드립니다!,[  4 124],4.0,3300.0
3728,B0QJ00RU0Q,배달,바로결제,"숲속 샐러드, 이너프 샐러드",삶은 달걀,"오리엔탈, 발사믹",배민,10700,3000,13700,2020-08-13 17:43:22,2020-08-13 17:46:15,2020-08-13 18:46:15,전북 전주시 덕진구 금암1동 ****,,조심히 안전하게 와주세요 :),[  1   2  72  75  98 121 122 185 228],1.0,3300.0
3729,B0QJ00U1RF,배달,바로결제,"이너프 샐러드, 목살 샐러드",,"오리엔탈, 오리엔탈",배민,10700,3000,13700,2020-08-13 18:08:55,2020-08-13 18:10:46,2020-08-13 19:10:46,전라북도 전주시 덕진구 덕진동 ****,,조심히 안전하게 와주세요 :),[  1   2  72  75  98 121 122 185 228],1.0,3300.0
3730,B0QJ00UIUM,배달,바로결제,목살 샐러드,"목살 (100g), 고구마 (50g), 삶은 달걀",발사믹,배민,10200,3000,13200,2020-08-13 18:09:16,2020-08-13 18:10:39,2020-08-13 19:10:39,전북 전주시 덕진구 금암1동 ****,,문앞에 놓구 벨눌러주세요.,[  0 120],0.0,3300.0
3732,B0QK005VZW,배달,만나서결제,"닭가슴살 샐러드, 닭가슴살 샐러드, 닭가슴살 샐러드","숲속토핑 (110g), 숲속토핑 (110g)","발사믹, 오리엔탈",배민,24000,4500,28500,2020-08-14 11:08:24,2020-08-14 11:08:46,2020-08-14 12:08:46,전북 전주시 완산구 중화산2동 ****,,조심히 안전하게 와주세요 :),[157],157.0,3500.0
3736,B0QK007BPY,배달,만나서결제,"닭가슴살 샐러드, 닭가슴살 샐러드",고구마 (50g),"발사믹, 렌치",배민,12500,3500,16000,2020-08-14 11:29:38,2020-08-14 11:30:00,2020-08-14 12:30:00,전북 전주시 완산구 서신동 ****,,조심히 안전하게 와주세요 :),[153],153.0,3300.0
3742,B0QK00LZKV,배달,바로결제,"숲속 샐러드, 이너프 샐러드","숲속토핑 (110g), 고구마 (50g)","발사믹, 오리엔탈",배민,13000,3500,16500,2020-08-14 16:10:54,2020-08-14 16:11:21,2020-08-14 17:11:21,전북 전주시 완산구 서신동 ****,,조심히 안전하게 와주세요 :),[218],218.0,3300.0
3745,B0QN006IS3,배달,바로결제,"닭가슴살 샐러드, 닭가슴살 샐러드, 닭가슴살 샐러드, 목살 샐러드","숲속토핑 (110g), 숲속토핑 (110g), 숲속토핑 (110g)","발사믹, 오리엔탈, 오리엔탈",배민,32500,3500,36000,2020-08-17 11:04:24,2020-08-17 11:05:13,2020-08-17 12:05:13,전북 전주시 완산구 중화산2동 ****,닭가슴살 하나는 양파랑아몬드  빼주세요,조심히 안전하게 와주세요 :),[48],48.0,4600.0
3747,B0QN006F9D,배달,만나서결제,"닭가슴살 샐러드, 훈제연어 샐러드",,"오리엔탈, 렌치",배민,12800,3500,16300,2020-08-17 11:09:17,2020-08-17 11:09:34,2020-08-17 12:09:34,전북 전주시 덕진구 인후2동 ****,,조심히 안전하게 와주세요 :),[ 25  68 145 210 217],25.0,3500.0
3749,B0QN00B7UJ,배달,바로결제,"훈제연어 샐러드, 훈제연어 샐러드",,렌치,배민,13800,3000,16800,2020-08-17 12:06:17,2020-08-17 12:08:56,2020-08-17 13:08:56,전북 전주시 덕진구 금암2동 ****,,조심히 안전하게 와주세요 :),[  3  42 123 171 172],3.0,3800.0
3750,B0QN00CU0F,배달,바로결제,"닭가슴살 샐러드, 목살 샐러드",,"렌치, 오리엔탈",배민,12300,3000,15300,2020-08-17 12:25:11,2020-08-17 12:25:42,2020-08-17 13:25:42,전북 전주시 덕진구 덕진동 ****,,조심히 안전하게 와주세요 :),[ 41  67 146 215 219],41.0,3300.0
3751,B0QN00GJHI,배달,바로결제,"목살 샐러드, 목살 샐러드, 닭가슴살 샐러드",고구마 (50g),"렌치, 오리엔탈, 렌치",배민,19400,3000,22400,2020-08-17 13:08:30,2020-08-17 13:09:34,2020-08-17 14:09:34,전북 전주시 덕진구 덕진동 ****,사장님 콩이 너무싫어여ㅠㅠㅠ콩빼주시구 올리브나 할라피뇨를 더 넣어주세용,조심히 안전하게 와주세요 :),[ 40  69 152],40.0,3300.0
3754,B0QN00TQUD,배달,바로결제,"숲속 샐러드, 닭가슴살 샐러드",숲속토핑 (110g),"렌치, 발사믹",배민,13900,3000,16900,2020-08-17 16:32:22,2020-08-17 16:32:38,2020-08-17 17:32:38,전북 전주시 덕진구 덕진동 ****,,조심히 안전하게 와주세요 :),[36],36.0,3300.0
3755,B0QN00VQH0,배달,바로결제,"닭가슴살 샐러드, 닭가슴살 샐러드",,렌치,배민,11800,3500,15300,2020-08-17 17:01:46,2020-08-17 17:02:14,2020-08-17 18:02:14,전북 전주시 덕진구 인후2동 ****,,도착해서 전화주세요,[ 11  35  64 131],11.0,3500.0
3756,B0QN00WPY5,배달,바로결제,"숲속 샐러드, 목살 샐러드",고구마 (50g),"오리엔탈, 오리엔탈",배민,13000,5000,18000,2020-08-17 17:12:09,2020-08-17 17:13:36,2020-08-17 18:13:36,전북 전주시 완산구 중화산1동 ****,,문앞에놔주세요(현관:종누르고9102),[34],34.0,6000.0
3758,B0QN010WWT,배달,바로결제,목살 샐러드,"목살 (100g), 고구마 (50g)","발사믹, 오리엔탈",배민,10200,3500,13700,2020-08-17 17:52:36,2020-08-17 17:52:57,2020-08-17 18:52:57,전북 전주시 덕진구 송천2동 ****,,공동현관 비밀번호 7788입니다:),[32],32.0,3300.0
3759,B0QN0113W2,배달,바로결제,목살 샐러드,"목살 (100g), 고구마 (50g), 삶은 달걀",렌치,배민,10200,3000,13200,2020-08-17 17:53:13,2020-08-17 17:53:22,2020-08-17 18:53:22,전북 전주시 덕진구 금암2동 ****,,조심히 안전하게 와주세요 :),[ 31 174 178 216],31.0,3300.0
3760,B0QN0114SR,배달,바로결제,목살 샐러드,"숲속토핑 (110g), 닭가슴살 (100g), 고구마 (50g)",오리엔탈,배민,11300,3000,14300,2020-08-17 17:55:45,2020-08-17 17:58:09,2020-08-17 18:58:09,전북 전주시 덕진구 금암2동 ****,,조심히 안전하게 와주세요 :),[30],30.0,3300.0
3762,B0QN0163ND,배달,만나서결제,"숲속 샐러드, 숲속 샐러드, 목살 샐러드",,"발사믹, 오리엔탈",배민,18200,3000,21200,2020-08-17 18:32:07,2020-08-17 18:32:42,2020-08-17 19:32:42,전북 전주시 덕진구 금암1동 ****,,조심히 안전하게 와주세요 :),[ 28 177],28.0,3300.0
3763,B0QN016W8P,배달,바로결제,"숲속 샐러드, 이너프 샐러드",목살 (100g),"렌치, 오리엔탈",배민,12800,3000,15800,2020-08-17 18:38:57,2020-08-17 18:42:05,2020-08-17 19:42:05,전북 전주시 덕진구 덕진동 ****,,문앞에 두고 벨 눌러주세요,[ 13  27 133],13.0,3300.0
3764,B0QN0187CG,배달,바로결제,"숲속 샐러드, 이너프 샐러드","숲속토핑 (110g), 고구마 (50g)","오리엔탈, 오리엔탈",배민,13000,3500,16500,2020-08-17 18:48:29,2020-08-17 18:48:38,2020-08-17 19:48:38,전북 전주시 덕진구 인후2동 ****,,문앞에 놔두고 가주세요. 공동현관 비밀번호 #4920#,[26],26.0,3500.0
3765,B0QO006HFQ,배달,만나서결제,"숲속 샐러드, 닭가슴살 샐러드, 닭가슴살 샐러드","고구마 (50g), 숲속토핑 (110g)","발사믹, 렌치, 발사믹",배민,20500,3000,23500,2020-08-18 11:01:48,2020-08-18 11:02:03,2020-08-18 12:02:03,전북 전주시 덕진구 금암1동 ****,,조심히 안전하게 와주세요 :),[230],230.0,3300.0
3766,B0QO006JT1,배달,바로결제,닭가슴살 샐러드,"닭가슴살 (100g), 숲속토핑 (110g), 고구마 (50g)","렌치, 발사믹",배민,11300,4500,15800,2020-08-18 11:03:22,2020-08-18 11:03:33,2020-08-18 12:03:33,전북 전주시 덕진구 인후1동 ****,할라피뇨 많이 부탁드려요,집 앞에 두고 벨 눌러 주세요,[229],229.0,4800.0
3767,B0QO007PK0,배달,바로결제,"숲속 샐러드, 이너프 샐러드",삶은 달걀,"오리엔탈, 렌치",배민,10700,3000,13700,2020-08-18 11:21:54,2020-08-18 11:22:06,2020-08-18 12:22:06,전북 전주시 덕진구 금암1동 ****,,조심히 안전하게 와주세요 :),[  1   2  72  75  98 121 122 185 228],1.0,3300.0
3768,B0QO007U0F,배달,바로결제,"닭가슴살 샐러드, 닭가슴살 샐러드, 목살 샐러드","고구마 (50g), 고구마 (50g)","발사믹, 렌치",배민,20300,3000,23300,2020-08-18 11:23:31,2020-08-18 11:23:42,2020-08-18 12:23:42,전북 전주시 덕진구 금암1동 ****,,조심히 안전하게 와주세요 :),[  7 127 227],7.0,3300.0
3769,B0QO008CCM,배달,바로결제,"목살 샐러드, 목살 샐러드",,렌치,배민,12800,3000,15800,2020-08-18 11:31:04,2020-08-18 11:31:16,2020-08-18 12:31:16,전북 전주시 덕진구 금암1동 ****,문앞에 두고 노크해주시고 가시면 됩니다,문앞에 두고 노크해주시고 가시면 됩니다,[226],226.0,3300.0
3770,B0QO008YKK,배달,바로결제,"훈제연어 샐러드, 목살 샐러드","연어 (100g), 숲속토핑 (110g)","렌치, 렌치",배민,18900,3000,21900,2020-08-18 11:38:47,2020-08-18 11:39:41,2020-08-18 12:39:41,전북 전주시 덕진구 금암2동 ****,,센터 뒷문에 도착하셔서 연락주시면 내려가겠습니다!,[225],225.0,3300.0
3772,B0QO00A8XO,배달,바로결제,"닭가슴살 샐러드, 목살 샐러드",,"렌치, 렌치",배민,12300,3500,15800,2020-08-18 11:57:38,2020-08-18 11:57:47,2020-08-18 12:57:47,전북 전주시 덕진구 송천2동 ****,,집 앞에 두고 벨을 눌러주세요,[223],223.0,3900.0
3773,B0QO00CI5G,배달,만나서결제,"닭가슴살 샐러드, 닭가슴살 샐러드",,렌치,배민,11800,3000,14800,2020-08-18 12:29:11,2020-08-18 12:29:22,2020-08-18 13:29:22,전북 전주시 덕진구 덕진동 ****,,조심히 안전하게 와주세요 :),[222],222.0,3300.0
3774,B0QO00CGZ7,배달,바로결제,목살 샐러드,"목살 (100g), 고구마 (50g), 삶은 달걀",오리엔탈,배민,10200,3000,13200,2020-08-18 12:31:41,2020-08-18 12:31:50,2020-08-18 13:31:50,전북 전주시 덕진구 금암1동 ****,,문앞에 두고 벨 눌러주세요,[ 15 135 169 221],15.0,3300.0
3776,B0QO00D5LN,배달,바로결제,"숲속 샐러드, 닭가슴살 샐러드",,"렌치, 발사믹",배민,11800,3500,15300,2020-08-18 12:41:33,2020-08-18 12:41:50,2020-08-18 13:41:50,전북 전주시 완산구 서신동 ****,,조심히 안전하게 와주세요 :),[ 41  67 146 215 219],41.0,3300.0
3778,B0QO00E9RF,배달,바로결제,"훈제연어 샐러드, 닭가슴살 샐러드",고구마 (50g),"렌치, 렌치",배민,13500,3000,16500,2020-08-18 12:58:41,2020-08-18 12:59:07,2020-08-18 13:59:07,전북 전주시 덕진구 금암1동 ****,,조심히 안전하게 와주세요 :),[218],218.0,3300.0
3779,B0QO00EI0I,배달,바로결제,"이너프 샐러드, 숲속 샐러드",,"발사믹, 오리엔탈",배민,10200,3000,13200,2020-08-18 13:03:18,2020-08-18 13:03:28,2020-08-18 14:03:28,전북 전주시 덕진구 덕진동 ****,,조심히 안전하게 와주세요 :),[ 31 174 178 216],31.0,3300.0
3782,B0QO00LWAP,배달,바로결제,"이너프 샐러드, 이너프 샐러드, 목살 샐러드",,"발사믹, 렌치",배민,15000,4500,19500,2020-08-18 15:54:56,2020-08-18 15:55:04,2020-08-18 16:55:04,전북 전주시 완산구 중화산2동 ****,,조심히 안전하게 와주세요 :),[213],213.0,4300.0
3783,B0QO00MC1Z,배달,바로결제,"훈제연어 샐러드, 목살 샐러드",,"렌치, 발사믹",배민,13300,3000,16300,2020-08-18 16:03:09,2020-08-18 16:03:23,2020-08-18 17:03:23,전북 전주시 덕진구 금암1동 ****,!!!!!!!콩!!!!!!! 빼주세요!!!!!!!!!!,6670* 문앞에 두고가주세요,[212],212.0,3300.0
3785,B0QO00OGJW,배달,바로결제,"훈제연어 샐러드, 이너프 샐러드",연어 (100g),"렌치, 발사믹",배민,14700,3000,17700,2020-08-18 16:54:33,2020-08-18 16:54:46,2020-08-18 17:54:46,전북 전주시 덕진구 금암2동 ****,,조심히 안전하게 와주세요 :),[ 49 176 211],49.0,3300.0
3786,B0QO00ORI3,배달,바로결제,"훈제연어 샐러드, 목살 샐러드",,"오리엔탈, 렌치",배민,13300,3000,16300,2020-08-18 17:02:17,2020-08-18 17:02:33,2020-08-18 18:02:33,전북 전주시 덕진구 금암2동 ****,,조심히 안전하게 와주세요 :),[ 25  68 145 210 217],25.0,3500.0
3787,B0QO00PV2O,배달,바로결제,"목살 샐러드, 목살 샐러드, 목살 샐러드","삶은 달걀, 삶은 달걀","발사믹, 렌치",배민,20700,5000,25700,2020-08-18 17:21:49,2020-08-18 17:21:58,2020-08-18 18:21:58,전북 전주시 완산구 중화산1동 ****,,조심히 안전하게 와주세요 :),[208],208.0,5800.0
3789,B0QP005AXI,배달,바로결제,"목살 샐러드, 닭가슴살 샐러드",삶은 달걀,"오리엔탈, 렌치",배민,12800,3000,15800,2020-08-19 11:01:48,2020-08-19 11:02:13,2020-08-19 12:02:13,전북 전주시 덕진구 덕진동 ****,,조심히 안전하게 와주세요 :),[ 56  84 107 162 183 194],56.0,3300.0
3791,B0QP005MYY,배달,바로결제,"닭가슴살 샐러드, 닭가슴살 샐러드, 목살 샐러드, 숲속 샐러드",,"오리엔탈, 오리엔탈, 오리엔탈",배민,24100,5000,29100,2020-08-19 11:07:55,2020-08-19 11:08:12,2020-08-19 12:08:12,전북 전주시 완산구 노송동 ****,,조심히 안전하게 와주세요 :),[181],181.0,4300.0
3792,B0QP006VSV,배달,만나서결제,"숲속 샐러드, 목살 샐러드, 훈제연어 샐러드",,"오리엔탈, 오리엔탈, 발사믹",배민,19200,4500,23700,2020-08-19 11:23:54,2020-08-19 11:24:04,2020-08-19 12:24:04,전북 전주시 완산구 중앙동 ****,,조심히 안전하게 와주세요 :),[180],180.0,5200.0
3794,B0QP008GGM,배달,바로결제,"이너프 샐러드, 숲속 샐러드",,"발사믹, 오리엔탈",배민,10200,3000,13200,2020-08-19 11:44:53,2020-08-19 11:45:02,2020-08-19 12:45:02,전북 전주시 덕진구 금암1동 ****,,조심히 안전하게 와주세요 :),[ 31 174 178 216],31.0,3300.0
3795,B0QP008NX7,배달,만나서결제,"닭가슴살 샐러드, 닭가슴살 샐러드, 닭가슴살 샐러드",,"렌치, 오리엔탈",배민,17700,3500,21200,2020-08-19 11:46:07,2020-08-19 11:46:17,2020-08-19 12:46:17,전북 전주시 덕진구 인후2동 ****,,조심히 안전하게 와주세요 :),[ 28 177],28.0,3300.0
3796,B0QP008XV8,배달,바로결제,"훈제연어 샐러드, 닭가슴살 샐러드, 숲속 샐러드",,"발사믹, 발사믹, 발사믹, 오리엔탈, 오리엔탈",배민,19700,3500,23200,2020-08-19 11:50:43,2020-08-19 11:52:13,2020-08-19 12:52:13,전북 전주시 덕진구 송천2동 ****,올리브와 할라피뇨 혹시 가능하다면 추가 부탁드려요!!,문 앞에 놓아주세요!,[175],175.0,4000.0
3798,B0QP00BV1H,배달,바로결제,"이너프 샐러드, 닭가슴살 샐러드",,"렌치, 발사믹",배민,10200,3000,13200,2020-08-19 12:27:27,2020-08-19 12:32:10,2020-08-19 13:32:10,전북 전주시 덕진구 금암1동 ****,토마토 조금더 넣어주시면 감사할게요오,조심히 안전하게 와주세요 :),[ 31 174 178 216],31.0,3300.0
3799,B0QP00BZJI,배달,바로결제,"숲속 샐러드, 숲속 샐러드",고구마 (50g),발사믹,배민,13200,3500,16700,2020-08-19 12:29:18,2020-08-19 12:32:16,2020-08-19 13:32:16,전북 전주시 덕진구 인후2동 ****,,도착하면 전화주세요.,[173],173.0,3300.0
3800,B0QP00DJRN,배달,바로결제,"훈제연어 샐러드, 목살 샐러드",,"렌치, 렌치",배민,13300,3500,16800,2020-08-19 12:51:55,2020-08-19 12:52:14,2020-08-19 13:52:14,전북 전주시 덕진구 진북동 ****,,조심히 안전하게 와주세요 :),[  3  42 123 171 172],3.0,3800.0
3802,B0QP00M28P,배달,바로결제,목살 샐러드,"목살 (100g), 숲속토핑 (110g)","오리엔탈, 오리엔탈",배민,11600,3000,14600,2020-08-19 15:53:35,2020-08-19 15:53:51,2020-08-19 16:53:51,전북 전주시 덕진구 덕진동 ****,리뷰쓸게요!.!,문고리에걸어주세용,[170],170.0,3300.0
3803,B0QP00N14J,배달,바로결제,훈제연어 샐러드,"목살 (100g), 고구마 (50g)",렌치,배민,10200,3000,13200,2020-08-19 16:17:44,2020-08-19 16:17:55,2020-08-19 17:17:55,전북 전주시 덕진구 덕진동 ****,,문앞에 두고 벨 눌러주세요,[ 15 135 169 221],15.0,3300.0
3804,B0QP00N68Z,배달,바로결제,"훈제연어 샐러드, 이너프 샐러드",고구마 (50g),"발사믹, 렌치",배민,11900,3000,14900,2020-08-19 16:21:02,2020-08-19 16:21:15,2020-08-19 17:21:15,전북 전주시 덕진구 덕진동 ****,,문앞부탁드립니다#6987#,[168],168.0,3300.0
3805,B0QP00NTI8,배달,바로결제,"닭가슴살 샐러드, 훈제연어 샐러드","닭가슴살 (100g), 닭가슴살 (100g)","오리엔탈, 오리엔탈",배민,17000,3000,20000,2020-08-19 16:35:38,2020-08-19 16:35:50,2020-08-19 17:35:50,전북 전주시 덕진구 금암1동 ****,,조심히 안전하게 와주세요 :),[ 87 110 167 197],87.0,3300.0
3807,B0QP00P9I0,배달,바로결제,"숲속 샐러드, 목살 샐러드",,"오리엔탈, 오리엔탈",배민,12300,3500,15800,2020-08-19 17:05:31,2020-08-19 17:07:09,2020-08-19 18:07:09,전북 전주시 덕진구 인후2동 ****,,벨 누르지 마시고 문 앞에 두고 가주시면 됩니다.,[165],165.0,3400.0
3808,B0QP00SGZS,배달,바로결제,"목살 샐러드, 이너프 샐러드",고구마 (50g),"렌치, 발사믹",배민,11400,3000,14400,2020-08-19 17:49:32,2020-08-19 17:49:46,2020-08-19 18:49:46,전북 전주시 덕진구 금암2동 ****,,문앞에놓고가주세요 현관5845별,[163],163.0,3300.0
3809,B0QP00TI7Y,배달,만나서결제,"목살 샐러드, 숲속 샐러드",,"렌치, 발사믹",배민,12300,3500,15800,2020-08-19 17:59:06,2020-08-19 18:03:10,2020-08-19 19:03:10,전북 전주시 덕진구 인후2동 ****,,조심히 안전하게 와주세요 :),[ 56  84 107 162 183 194],56.0,3300.0
3812,B0QQ005L61,배달,바로결제,"목살 샐러드, 닭가슴살 샐러드",,"렌치, 오리엔탈",배민,12300,3500,15800,2020-08-20 11:05:59,2020-08-20 11:06:49,2020-08-20 12:06:49,전북 전주시 덕진구 인후2동 ****,,문앞에 놔두고 가주세요. 공동현관 비밀번호 #4920#,[71],71.0,3500.0
3813,B0QQ005MD6,배달,바로결제,"목살 샐러드, 이너프 샐러드",,"오리엔탈, 발사믹",배민,10700,3000,13700,2020-08-20 11:06:30,2020-08-20 11:06:56,2020-08-20 12:06:56,전북 전주시 덕진구 금암1동 ****,,조심히 안전하게 와주세요 :),[  1   2  72  75  98 121 122 185 228],1.0,3300.0
3815,B0QQ00819X,배달,바로결제,"목살 샐러드, 훈제연어 샐러드",,"오리엔탈, 발사믹",배민,13300,3000,16300,2020-08-20 11:38:57,2020-08-20 11:39:09,2020-08-20 12:39:09,전북 전주시 덕진구 금암1동 ****,,조심히 안전하게 와주세요 :),[ 25  68 145 210 217],25.0,3500.0
3816,B0QQ0093L4,배달,바로결제,"숲속 샐러드, 닭가슴살 샐러드",,"렌치, 발사믹",배민,11800,3500,15300,2020-08-20 11:51:38,2020-08-20 11:51:47,2020-08-20 12:51:47,전북 전주시 완산구 서신동 ****,두개다 할라피뇨 빼주세요,조심히 안전하게 와주세요 :),[ 41  67 146 215 219],41.0,3300.0
3817,B0QQ009GYE,배달,바로결제,"목살 샐러드, 목살 샐러드, 목살 샐러드, 목살 샐러드, 훈제연어 샐러드",,"오리엔탈, 렌치, 렌치",배민,32500,2000,34500,2020-08-20 11:57:10,2020-08-20 11:57:25,2020-08-20 12:57:25,전북 전주시 덕진구 금암1동 ****,,조심히 안전하게 와주세요 :),[66],66.0,3300.0
3819,B0QQ00AAFB,배달,바로결제,"닭가슴살 샐러드, 닭가슴살 샐러드",,렌치,배민,11800,3500,15300,2020-08-20 12:06:06,2020-08-20 12:06:30,2020-08-20 13:06:30,전북 전주시 덕진구 인후2동 ****,,도착해서 전화주세요,[ 11  35  64 131],11.0,3500.0
3821,B0QQ00GQCG,배달,바로결제,"목살 샐러드, 훈제연어 샐러드",,"렌치, 렌치",배민,13300,5000,18300,2020-08-20 13:45:30,2020-08-20 13:45:46,2020-08-20 14:45:46,전북 전주시 덕진구 우아1동 ****,,조심히 안전하게 와주세요 :),[ 62  95 118 205],62.0,4500.0
3825,B0QQ00LD4E,배달,바로결제,"목살 샐러드, 이너프 샐러드",삶은 달걀,"오리엔탈, 오리엔탈",배민,11200,3000,14200,2020-08-20 15:32:02,2020-08-20 15:32:25,2020-08-20 16:32:25,전북 전주시 덕진구 금암1동 ****,,위로올라와주세요 비밀번호 3578#입니다,[58],58.0,3300.0
3826,B0QQ00MR97,배달,바로결제,"숲속 샐러드, 훈제연어 샐러드",,"발사믹, 오리엔탈, 발사믹",배민,13300,4000,17300,2020-08-20 16:05:19,2020-08-20 16:05:31,2020-08-20 17:05:31,전북 전주시 덕진구 송천1동 ****,,조심히 안전하게 와주세요 :),[57],57.0,4700.0
3827,B0QQ00MXBD,배달,바로결제,"목살 샐러드, 목살 샐러드",,"렌치, 드레싱",배민,12800,3000,15800,2020-08-20 16:10:10,2020-08-20 16:10:33,2020-08-20 17:10:33,전북 전주시 덕진구 금암2동 ****,,조심히 안전하게 와주세요 :),[ 56  84 107 162 183 194],56.0,3300.0
3828,B0QQ00P106,배달,바로결제,"훈제연어 샐러드, 목살 샐러드","연어 (100g), 고구마 (50g), 고구마 (50g)","렌치, 발사믹",배민,18200,3000,21200,2020-08-20 16:53:44,2020-08-20 16:54:15,2020-08-20 17:54:15,전북 전주시 덕진구 덕진동 ****,,종9875,[55],55.0,3300.0
3829,B0QQ00RDOO,배달,바로결제,"목살 샐러드, 목살 샐러드, 훈제연어 샐러드, 훈제연어 샐러드, 훈제연어 샐러드",,"렌치, 렌치",배민,33500,4000,37500,2020-08-20 17:28:04,2020-08-20 17:28:38,2020-08-20 18:28:38,전북 전주시 완산구 중화산1동 ****,,조심히 안전하게 와주세요 :),[54],54.0,5800.0
3832,B0QQ00T20O,배달,바로결제,숲속 샐러드,"숲속토핑 (110g), 닭가슴살 (100g), 삶은 달걀",발사믹,배민,10600,3500,14100,2020-08-20 17:48:14,2020-08-20 17:50:51,2020-08-20 18:50:51,전라북도 전주시 덕진구 인후2동 ****,,도착하기 전에 전화해주세요,[51],51.0,3300.0
3833,B0QQ00V9S8,배달,바로결제,"목살 샐러드, 숲속 샐러드",목살 (100g),"오리엔탈, 렌치",배민,14900,3500,18400,2020-08-20 18:08:19,2020-08-20 18:09:41,2020-08-20 19:09:41,전북 전주시 덕진구 송천2동 ****,,조심히 안전하게 와주세요 :),[ 50  89 112 199],50.0,4100.0
3834,B0QQ00XB5R,배달,바로결제,"목살 샐러드, 훈제연어 샐러드","고구마 (50g), 고구마 (50g)","오리엔탈, 렌치",배민,14700,3000,17700,2020-08-20 18:25:25,2020-08-20 18:25:49,2020-08-20 19:25:49,전북 전주시 덕진구 금암1동 ****,,조심히 안전하게 와주세요 :),[ 49 176 211],49.0,3300.0
3840,B0QR007DGL,배달,만나서결제,"닭가슴살 샐러드, 훈제연어 샐러드",숲속토핑 (110g),"렌치, 렌치",배민,14900,3500,18400,2020-08-21 11:26:13,2020-08-21 11:26:21,2020-08-21 12:26:21,전북 전주시 덕진구 팔복동 ****,,조심히 안전하게 와주세요 :),[ 50  89 112 199],50.0,4100.0
3842,B0QR007IS0,배달,바로결제,훈제연어 샐러드,"연어 (100g), 삶은 달걀",렌치,배민,10900,3000,13900,2020-08-21 11:30:22,2020-08-21 11:31:42,2020-08-21 12:31:42,전북 전주시 덕진구 금암2동 ****,,조심히 안전하게 와주세요 :),[37],37.0,3300.0
3843,B0QR007IKJ,배달,바로결제,"닭가슴살 샐러드, 훈제연어 샐러드",고구마 (50g),"렌치, 렌치",배민,13500,3000,16500,2020-08-21 11:30:55,2020-08-21 11:31:36,2020-08-21 12:31:36,전북 전주시 덕진구 금암1동 ****,,조심히 안전하게 와주세요 :),[218],218.0,3300.0
3846,B0QR00AJFR,배달,바로결제,"숲속 샐러드, 훈제연어 샐러드","목살 (100g), 연어 (100g), 삶은 달걀","오리엔탈, 오리엔탈",배민,19400,3000,22400,2020-08-21 12:06:39,2020-08-21 12:06:48,2020-08-21 13:06:48,전북 전주시 덕진구 금암2동 ****,,조심히 안전하게 와주세요 :),[ 40  69 152],40.0,3300.0
3849,B0QR00CU8X,배달,바로결제,"닭가슴살 샐러드, 훈제연어 샐러드",고구마 (50g),"발사믹, 발사믹",배민,13500,3500,17000,2020-08-21 12:33:43,2020-08-21 12:33:56,2020-08-21 13:33:56,전북 전주시 완산구 서신동 ****,맛있는점심 감사합니다 : ),조심히 안전하게 와주세요 :),[ 79 102 189],79.0,4400.0
3850,B0QR00E80T,배달,바로결제,"목살 샐러드, 훈제연어 샐러드",,"발사믹, 발사믹",배민,13300,4000,17300,2020-08-21 12:55:55,2020-08-21 12:56:01,2020-08-21 13:56:01,전북 전주시 덕진구 송천1동 ****,,조심히 안전하게 와주세요 :),[57],57.0,4700.0
3853,B0QR00FQTW,배달,바로결제,"숲속 샐러드, 목살 샐러드",,"발사믹, 오리엔탈",배민,12300,3000,15300,2020-08-21 13:19:29,2020-08-21 13:20:33,2020-08-21 14:20:33,전북 전주시 덕진구 덕진동 ****,,조심히 안전하게 와주세요 :),[ 41  67 146 215 219],41.0,3300.0
3854,B0QR00KRLO,배달,바로결제,"숲속 샐러드, 목살 샐러드",,"렌치, 드레싱",배민,12300,4000,16300,2020-08-21 15:02:55,2020-08-21 15:04:47,2020-08-21 16:04:47,전북 전주시 덕진구 송천1동 ****,,조심히 안전하게 와주세요 :),[ 25  68 145 210 217],25.0,3500.0
3857,B0QR00R4ZI,배달,바로결제,"이너프 샐러드, 숲속 샐러드",고구마 (50g),"오리엔탈, 오리엔탈",배민,10900,3500,14400,2020-08-21 17:16:33,2020-08-21 17:16:45,2020-08-21 18:16:45,전북 전주시 완산구 서신동 ****,(수저포크X),조심히 안전하게 와주세요 :),[ 86 109 196],86.0,3900.0
3862,B0QR00WUN8,배달,만나서결제,"숲속 샐러드, 이너프 샐러드",삶은 달걀,"오리엔탈, 발사믹",배민,10700,3000,13700,2020-08-21 18:12:14,2020-08-21 18:12:22,2020-08-21 19:12:22,전북 전주시 덕진구 금암1동 ****,(수저포크X),조심히 안전하게 와주세요 :),[  1   2  72  75  98 121 122 185 228],1.0,3300.0
3864,B0QR00VIQ9,배달,바로결제,"숲속 샐러드, 훈제연어 샐러드",,"오리엔탈, 렌치",배민,12800,4500,17300,2020-08-21 18:13:19,2020-08-21 18:13:31,2020-08-21 19:13:31,전북 전주시 완산구 중앙동 ****,,조심히 안전하게 와주세요 :),[57],57.0,4700.0
3867,B0QS006ZQ0,배달,만나서결제,"숲속 샐러드, 이너프 샐러드",고구마 (50g),"발사믹, 발사믹",배민,10900,3500,14400,2020-08-22 11:09:12,2020-08-22 11:09:27,2020-08-22 12:09:27,전북 전주시 완산구 서신동 ****,,조심히 안전하게 와주세요 :),[ 86 109 196],86.0,3900.0
3872,B0QS0167DK,배달,만나서결제,"목살 샐러드, 목살 샐러드, 목살 샐러드","삶은 달걀, 삶은 달걀, 목살 (100g), 닭가슴살 (100g), 고구마 (50g), 삶은 달걀","발사믹, 오리엔탈, 드레싱",배민,26100,3000,29100,2020-08-22 17:55:23,2020-08-22 17:55:45,2020-08-22 18:55:45,전북 전주시 덕진구 금암2동 ****,,조심히 안전하게 와주세요 :),[181],181.0,4300.0
3881,B0QU00GL89,배달,바로결제,"닭가슴살 샐러드, 닭가슴살 샐러드","숲속토핑 (110g), 숲속토핑 (110g)","렌치, 발사믹",배민,16000,3500,19500,2020-08-24 13:32:18,2020-08-24 13:32:24,2020-08-24 14:32:24,전라북도 전주시 덕진구 인후2동 ****,,조심히 안전하게 와주세요 :),[213],213.0,4300.0
3882,B0QU00MXH4,배달,만나서결제,"숲속 샐러드, 숲속 샐러드, 숲속 샐러드, 닭가슴살 샐러드","고구마 (50g), 고구마 (50g), 고구마 (50g)","발사믹, 오리엔탈, 오리엔탈",배민,26400,3500,29900,2020-08-24 15:57:32,2020-08-24 15:57:48,2020-08-24 16:57:48,전북 전주시 완산구 서신동 ****,,조심히 안전하게 와주세요 :),[164],164.0,3500.0
3889,B0QU00T6QZ,배달,바로결제,"숲속 샐러드, 이너프 샐러드",삶은 달걀,"오리엔탈, 발사믹",배민,10700,3000,13700,2020-08-24 17:44:57,2020-08-24 17:45:29,2020-08-24 18:45:29,전북 전주시 덕진구 금암1동 ****,,조심히 안전하게 와주세요 :),[  1   2  72  75  98 121 122 185 228],1.0,3300.0
3890,B0QV006L5R,배달,바로결제,"닭가슴살 샐러드, 목살 샐러드, 닭가슴살 샐러드, 닭가슴살 샐러드","숲속토핑 (110g), 숲속토핑 (110g), 숲속토핑 (110g), 숲속토핑 (110g), 목살 (100g)","발사믹, 오리엔탈, 오리엔탈, 오리엔탈",배민,35100,3500,38600,2020-08-25 11:12:28,2020-08-25 11:12:42,2020-08-25 12:12:42,전북 전주시 완산구 중화산2동 ****,닭가슴살에 숲속추가한거 한개는 양파랑아몬드빼고 강낭콩더주세요,조심히 안전하게 와주세요 :),[ 93 116 203],93.0,4600.0
3891,B0QV008KMV,배달,바로결제,"이너프 샐러드, 훈제연어 샐러드",고구마 (50g),"오리엔탈, 오리엔탈",배민,12600,3000,15600,2020-08-25 11:36:07,2020-08-25 11:36:32,2020-08-25 12:36:32,전북 전주시 덕진구 금암2동 ****,강낭콩빼주세요,조심히 안전하게 와주세요 :),[ 92 115 202],92.0,3300.0
3892,B0QV009Y7U,배달,바로결제,"훈제연어 샐러드, 목살 샐러드",,"오리엔탈, 오리엔탈",배민,13300,3000,16300,2020-08-25 11:49:42,2020-08-25 11:50:12,2020-08-25 12:50:12,전북 전주시 덕진구 금암2동 ****,-,센터 뒷문에 도착하셔서 연락주시면 내려가겠습니다!,[ 73  91 114 201],73.0,3300.0
3893,B0QV00AA5P,배달,만나서결제,"목살 샐러드, 목살 샐러드, 목살 샐러드","숲속토핑 (110g), 삶은 달걀, 닭가슴살 (100g), 숲속토핑 (110g)","렌치, 발사믹, 렌치",배민,26700,3500,30200,2020-08-25 11:54:30,2020-08-25 11:55:02,2020-08-25 12:55:02,전북 전주시 덕진구 송천2동 ****,-,조심히 안전하게 와주세요 :),[ 90 113 200],90.0,4100.0
3894,B0QV00ACZA,배달,바로결제,"목살 샐러드, 숲속 샐러드",목살 (100g),"렌치, 오리엔탈",배민,14900,3500,18400,2020-08-25 11:57:09,2020-08-25 12:00:21,2020-08-25 13:00:21,전북 전주시 덕진구 송천2동 ****,(수저포크X),조심히 안전하게 와주세요 :),[ 50  89 112 199],50.0,4100.0
3895,B0QV00DV3F,배달,바로결제,"이너프 샐러드, 이너프 샐러드","고구마 (50g), 고구마 (50g)","오리엔탈, 렌치",배민,10000,3000,13000,2020-08-25 12:37:26,2020-08-25 12:39:12,2020-08-25 13:39:12,전북 전주시 덕진구 금암1동 ****,-,조심히 안전하게 와주세요 :),[ 88 111 198],88.0,3300.0
3896,B0QV00ELD9,배달,만나서결제,숲속 샐러드,목살 (100g),오리엔탈,배민,17000,3000,20000,2020-08-25 12:46:58,2020-08-25 12:47:06,2020-08-25 13:47:06,전북 전주시 덕진구 금암1동 ****,-,조심히 안전하게 와주세요 :),[ 87 110 167 197],87.0,3300.0
3897,B0QV00EZGF,배달,바로결제,"이너프 샐러드, 닭가슴살 샐러드",고구마 (50g),"발사믹, 발사믹",배민,10900,3500,14400,2020-08-25 12:51:52,2020-08-25 12:52:00,2020-08-25 13:52:00,전북 전주시 덕진구 송천2동 ****,강낭콩. 할라피뇨. 올리브 빼주세요!!,조심히 안전하게 와주세요 :),[ 86 109 196],86.0,3900.0
3898,B0QV00M0C1,배달,바로결제,"목살 샐러드, 이너프 샐러드",,"오리엔탈, 오리엔탈",배민,10700,3000,13700,2020-08-25 15:06:46,2020-08-25 15:07:08,2020-08-25 16:07:08,전북 전주시 덕진구 금암1동 ****,강낭콩 빼주세요,#7766#문앞에 놓고 가주세요,[ 85 108 195],85.0,3300.0
3899,B0QV00ODME,배달,바로결제,"숲속 샐러드, 훈제연어 샐러드",,"오리엔탈, 렌치",배민,12800,3000,15800,2020-08-25 16:01:37,2020-08-25 16:02:25,2020-08-25 17:02:25,전북 전주시 덕진구 금암1동 ****,강낭콩빼쥬세요!!!,조심히 안전하게 와주세요 :),[ 56  84 107 162 183 194],56.0,3300.0
3900,B0QV00Q6OE,배달,바로결제,"목살 샐러드, 이너프 샐러드",,"오리엔탈, 오리엔탈",배민,10700,3500,14200,2020-08-25 16:38:15,2020-08-25 16:38:25,2020-08-25 17:38:25,전북 전주시 덕진구 송천2동 ****,-,행운빌이 2곳이기에 !!!건물번호확인 필수!!! 입니다,[ 83 106 193],83.0,3300.0
3901,B0QV00QZLJ,배달,바로결제,"이너프 샐러드, 닭가슴살 샐러드",,"렌치, 렌치",배민,10200,3000,13200,2020-08-25 16:51:25,2020-08-25 16:51:43,2020-08-25 17:51:43,전북 전주시 덕진구 금암2동 ****,-,상가건물 3층으로 오셔야합니다.,[ 82 105 192],82.0,3300.0
3902,B0QV00RHJY,배달,바로결제,"닭가슴살 샐러드, 훈제연어 샐러드",,"오리엔탈, 렌치",배민,13500,3000,16500,2020-08-25 17:03:39,2020-08-25 17:03:49,2020-08-25 18:03:49,전북 전주시 덕진구 금암1동 ****,"닭가슴살은 강낭콩,할라피뇨 빼주시고 연어는 강낭콩만 빼주시고 할라피뇨는 더주세용!!",현관 1458#,[ 81 104 191],81.0,3300.0
3903,B0QV00RYXY,배달,바로결제,"닭가슴살 샐러드, [ 렌치 추가 ]","닭가슴살 (100g), 숲속토핑 (110g), 삶은 달걀",렌치,배민,11800,4500,16300,2020-08-25 17:09:34,2020-08-25 17:09:52,2020-08-25 18:09:52,전북 전주시 덕진구 인후1동 ****,-,집 앞에 두고 벨 눌러 주세요,[ 80 103 190],80.0,4800.0
3904,B0QV00SBL8,배달,바로결제,"이너프 샐러드, 목살 샐러드","고구마 (50g), 숲속토핑 (110g)","오리엔탈, 오리엔탈",배민,13500,3500,17000,2020-08-25 17:13:13,2020-08-25 17:13:24,2020-08-25 18:13:24,전북 전주시 덕진구 송천2동 ****,-,조심히 안전하게 와주세요 :),[ 79 102 189],79.0,4400.0
3905,B0QV00SCT5,배달,바로결제,"목살 샐러드, 훈제연어 샐러드",,"발사믹, 오리엔탈",배민,13300,4000,17300,2020-08-25 17:15:12,2020-08-25 17:16:48,2020-08-25 18:16:48,전북 전주시 덕진구 송천1동 ****,안녕하세요 혹시 많이시켜서 쟁여두고먹으려고하는데 유통기한이얼마나될까요 전화를 받지않으셔가지구요,현관 2468#,[ 78 101 188],78.0,4000.0
3906,B0QV00TZKN,배달,만나서결제,"이너프 샐러드, 숲속 샐러드",고구마 (50g),"드레싱, 오리엔탈",배민,10900,5000,15900,2020-08-25 17:32:21,2020-08-25 17:32:30,2020-08-25 18:32:30,전북 전주시 완산구 중화산1동 ****,-,문앞에놔주세요 (현관 비번 종누르고 9102),[ 77 100 187],77.0,6000.0
3907,B0QV00UJL6,배달,바로결제,"목살 샐러드, [ 렌치 추가 ]","목살 (100g), 숲속토핑 (110g)",오리엔탈,배민,12300,3500,15800,2020-08-25 17:39:53,2020-08-25 17:40:31,2020-08-25 18:40:31,전북 전주시 덕진구 송천2동 ****,"강낭콩,올리브,할라피뇨 다 빼주세요 :) 양파 양상추 옥수수 많이주세요",현관 #0351# 문자후 문앞에주세요,[ 76  99 186],76.0,3600.0
3908,B0QV00UXYV,배달,바로결제,"이너프 샐러드, 목살 샐러드",,"렌치, 오리엔탈",배민,10700,3000,13700,2020-08-25 17:43:39,2020-08-25 17:44:14,2020-08-25 18:44:14,전북 전주시 덕진구 금암1동 ****,-,조심히 안전하게 와주세요 :),[  1   2  72  75  98 121 122 185 228],1.0,3300.0
3909,B0QV00VUW3,배달,바로결제,"이너프 샐러드, 목살 샐러드",,"렌치, 렌치",배민,10700,3000,13700,2020-08-25 17:52:25,2020-08-25 17:54:12,2020-08-25 18:54:12,전북 전주시 덕진구 덕진동 ****,-,문앞에 두고 문자 부탁드립니다,[ 74  97 184],74.0,3300.0
3913,B0QW008BVX,배달,바로결제,"숲속 샐러드, 목살 샐러드",,"오리엔탈, 발사믹",배민,12300,3000,15300,2020-08-26 11:32:49,2020-08-26 11:33:06,2020-08-26 12:33:06,전북 전주시 덕진구 덕진동 ****,-,조심히 안전하게 와주세요 :),[ 41  67 146 215 219],41.0,3300.0
3914,B0QW008T8M,배달,바로결제,"훈제연어 샐러드, 목살 샐러드",,"오리엔탈, 오리엔탈",배민,13300,3000,16300,2020-08-26 11:36:34,2020-08-26 11:36:46,2020-08-26 12:36:46,전북 전주시 덕진구 금암2동 ****,-,센터 뒷문에 도착하셔서 연락주시면 내려가겠습니다!,[ 73  91 114 201],73.0,3300.0
3915,B0QW0098CJ,배달,바로결제,이너프 샐러드,고구마 (50g),렌치,배민,10000,3000,13000,2020-08-26 11:41:52,2020-08-26 11:43:10,2020-08-26 12:43:10,전북 전주시 덕진구 금암1동 ****,-,조심히 안전하게 와주세요 :),[ 88 111 198],88.0,3300.0
3918,B0QW00AWTC,배달,바로결제,목살 샐러드,"목살 (100g), 삶은 달걀",렌치,배민,10200,3000,13200,2020-08-26 11:59:56,2020-08-26 12:02:48,2020-08-26 13:02:48,전북 전주시 덕진구 금암1동 ****,(수저포크X),문앞에 두고 벨 눌러주세요,[ 15 135 169 221],15.0,3300.0
3919,B0QW00GIMX,배달,바로결제,숲속 샐러드,,발사믹,배민,11800,3500,15300,2020-08-26 13:12:28,2020-08-26 13:12:43,2020-08-26 14:12:43,전북 전주시 덕진구 송천2동 ****,포크랑 달걀빼고 주세요! (수저포크X),조심히 안전하게 와주세요 :),[ 41  67 146 215 219],41.0,3300.0
3920,B0QW00HJBQ,배달,만나서결제,"닭가슴살 샐러드, 숲속 샐러드",,"오리엔탈, 렌치",배민,11800,3500,15300,2020-08-26 13:24:14,2020-08-26 13:24:23,2020-08-26 14:24:23,전북 전주시 덕진구 송천2동 ****,-,조심히 안전하게 와주세요 :),[ 41  67 146 215 219],41.0,3300.0
3921,B0QW00HMR4,배달,바로결제,"숲속 샐러드, 이너프 샐러드",삶은 달걀,"발사믹, 렌치",배민,10700,3000,13700,2020-08-26 13:27:05,2020-08-26 13:27:21,2020-08-26 14:27:21,전북 전주시 덕진구 금암1동 ****,할라피뇨 빼주세요.사장님,조심히 안전하게 와주세요 :),[  1   2  72  75  98 121 122 185 228],1.0,3300.0
3926,B0QX006LTY,배달,바로결제,"훈제연어 샐러드, 숲속 샐러드",,"렌치, 오리엔탈",배민,19700,3000,22700,2020-08-27 11:10:11,2020-08-27 11:10:21,2020-08-27 12:10:21,전북 전주시 덕진구 금암1동 ****,-,조심히 안전하게 와주세요 :),[ 18 138],18.0,3300.0
3927,B0QX006LX9,배달,바로결제,"목살 샐러드, 훈제연어 샐러드",삶은 달걀,"오리엔탈, 렌치",배민,13800,3000,16800,2020-08-27 11:10:21,2020-08-27 11:10:28,2020-08-27 12:10:28,전북 전주시 덕진구 덕진동 ****,-,조심히 안전하게 와주세요 :),[  3  42 123 171 172],3.0,3800.0
3929,B0QX006Y3U,배달,바로결제,"목살 샐러드, 목살 샐러드",,"발사믹, 오리엔탈",배민,19200,3000,22200,2020-08-27 11:14:43,2020-08-27 11:15:06,2020-08-27 12:15:06,전북 전주시 덕진구 덕진동 ****,-,조심히 안전하게 와주세요 :),[159],159.0,3300.0
3930,B0QX00787Y,배달,바로결제,"이너프 샐러드, 숲속 샐러드",,"렌치, 렌치",배민,10200,3500,13700,2020-08-27 11:18:38,2020-08-27 11:19:17,2020-08-27 12:19:17,전북 전주시 완산구 서신동 ****,강낭콩 많이 넣어주세요!,조심히 안전하게 와주세요 :),[  1   2  72  75  98 121 122 185 228],1.0,3300.0
3931,B0QX007L9B,배달,바로결제,"닭가슴살 샐러드, 훈제연어 샐러드",,"발사믹, 발사믹",배민,13500,3000,16500,2020-08-27 11:23:14,2020-08-27 11:23:26,2020-08-27 12:23:26,전북 전주시 덕진구 금암2동 ****,-,조심히 안전하게 와주세요 :),[218],218.0,3300.0
3933,B0QX008DQW,배달,바로결제,"닭가슴살 샐러드, 닭가슴살 샐러드, 목살 샐러드",,"발사믹, 오리엔탈, 렌치",배민,18900,3500,22400,2020-08-27 11:35:20,2020-08-27 11:35:31,2020-08-27 12:35:31,전북 전주시 완산구 서신동 ****,-,조심히 안전하게 와주세요 :),[ 40  69 152],40.0,3300.0
3935,B0QX00AE6E,배달,바로결제,"닭가슴살 샐러드, 닭가슴살 샐러드",,"렌치, 발사믹",배민,11800,3000,14800,2020-08-27 11:56:59,2020-08-27 11:57:10,2020-08-27 12:57:10,전북 전주시 덕진구 덕진동 ****,-,조심히 안전하게 와주세요 :),[222],222.0,3300.0
3937,B0QX00CIXR,배달,바로결제,"숲속 샐러드, 훈제연어 샐러드",,"렌치, 렌치",배민,12800,3000,15800,2020-08-27 12:17:49,2020-08-27 12:19:08,2020-08-27 13:19:08,전북 전주시 덕진구 금암1동 ****,-,조심히 안전하게 와주세요 :),[ 56  84 107 162 183 194],56.0,3300.0
3939,B0QX00D9BA,배달,바로결제,"숲속 샐러드, 닭가슴살 샐러드",,"드레싱, 드레싱",배민,11800,4000,15800,2020-08-27 12:26:38,2020-08-27 12:26:53,2020-08-27 13:26:53,전북 전주시 덕진구 송천1동 ****,콩빼고 할라피뇨 많이주세용,문앞에 두고 벨 눌러주세요,[ 13  27 133],13.0,3300.0
3941,B0QX00FN1A,배달,바로결제,"훈제연어 샐러드, 닭가슴살 샐러드",,"렌치, 렌치",배민,14200,3500,17700,2020-08-27 13:00:11,2020-08-27 13:00:43,2020-08-27 14:00:43,전북 전주시 덕진구 송천2동 ****,"닭가슴살샐러드에 강낭콩, 올리브, 할라피뇨 빼주세요 (수저포크X)",조심히 안전하게 와주세요 :),[ 49 176 211],49.0,3300.0
3944,B0QX00MCFF,배달,만나서결제,"훈제연어 샐러드, 닭가슴살 샐러드",,"오리엔탈, 발사믹",배민,12800,3000,15800,2020-08-27 15:03:41,2020-08-27 15:03:46,2020-08-27 16:03:46,전북 전주시 덕진구 금암1동 ****,-,조심히 안전하게 와주세요 :),[ 56  84 107 162 183 194],56.0,3300.0
3954,B0QX00S7HX,배달,만나서결제,"숲속 샐러드, 닭가슴살 샐러드",,"발사믹, 발사믹",배민,11800,5000,16800,2020-08-27 16:59:20,2020-08-27 16:59:25,2020-08-27 17:59:25,전북 전주시 완산구 중화산1동 ****,절임류 빼주세요! (수저포크X),조심히 안전하게 와주세요 :),[  3  42 123 171 172],3.0,3800.0
3955,B0QX00SLVD,배달,바로결제,닭가슴살 샐러드,"닭가슴살 (100g), 목살 (100g), 삶은 달걀",렌치,배민,11800,5000,16800,2020-08-27 17:06:10,2020-08-27 17:06:24,2020-08-27 18:06:24,전라북도 전주시 완산구 중화산1동 ****,(수저포크X),조심히 안전하게 와주세요 :),[  3  42 123 171 172],3.0,3800.0
3959,B0QY005RPD,배달,바로결제,"이너프 샐러드, 숲속 샐러드",,"발사믹, 오리엔탈",배민,10200,3000,13200,2020-08-28 11:04:25,2020-08-28 11:04:34,2020-08-28 12:04:34,전북 전주시 덕진구 금암1동 ****,지난번에 고구마 빼먹으셔서 다음에 주문할때 넣어주신다고했어요! 이너프샐러드에 부탁드려요! 둘다양파빼주세요!,문앞에 두고 벨 눌러주세요,[ 15 135 169 221],15.0,3300.0
3963,B0QY006B89,배달,바로결제,"목살 샐러드, 목살 샐러드",,"발사믹, 오리엔탈",배민,12800,3000,15800,2020-08-28 11:09:52,2020-08-28 11:10:14,2020-08-28 12:10:14,전북 전주시 덕진구 덕진동 ****,-,조심히 안전하게 와주세요 :),[ 56  84 107 162 183 194],56.0,3300.0
3965,B0QY006L1T,배달,바로결제,"이너프 샐러드, 목살 샐러드",고구마 (50g),"렌치, 렌치",배민,19200,4500,23700,2020-08-28 11:15:34,2020-08-28 11:17:40,2020-08-28 12:17:40,전북 전주시 완산구 중화산2동 ****,샐러드 전부 양파빼주시고 강낭콩옥수수할라피뇨 좀더부탁드려요:),조심히 안전하게 와주세요 :),[180],180.0,5200.0
3966,B0QY007WQR,배달,바로결제,"목살 샐러드, 목살 샐러드, 목살 샐러드",,"렌치, 발사믹, 오리엔탈",배민,19200,3000,22200,2020-08-28 11:29:07,2020-08-28 11:29:17,2020-08-28 12:29:17,전북 전주시 덕진구 금암1동 ****,-,조심히 안전하게 와주세요 :),[159],159.0,3300.0
3971,B0QY009LW7,배달,바로결제,"목살 샐러드, 닭가슴살 샐러드",삶은 달걀,"렌치, 오리엔탈",배민,13500,3000,16500,2020-08-28 11:46:05,2020-08-28 11:47:10,2020-08-28 12:47:10,전북 전주시 덕진구 금암2동 ****,할라피뇨 많이 부탁드려요,조심히 안전하게 와주세요 :),[218],218.0,3300.0
3972,B0QY009I5S,배달,바로결제,"목살 샐러드, 숲속 샐러드",,"렌치, 렌치",배민,12300,3500,15800,2020-08-28 11:46:48,2020-08-28 11:47:17,2020-08-28 12:47:17,전북 전주시 덕진구 인후2동 ****,-,조심히 안전하게 와주세요 :),[ 56  84 107 162 183 194],56.0,3300.0
3974,B0QY00EHRK,배달,바로결제,이너프 샐러드,,렌치,배민,12900,3000,15900,2020-08-28 12:43:57,2020-08-28 12:45:12,2020-08-28 13:45:12,전북 전주시 덕진구 덕진동 ****,(수저포크X),조심히 안전하게 와주세요 :),[ 24 144],24.0,3700.0
3975,B0QY00FZ1Z,배달,바로결제,"목살 샐러드, 훈제연어 샐러드",,"렌치, 렌치",배민,13300,3000,16300,2020-08-28 13:04:05,2020-08-28 13:04:24,2020-08-28 14:04:24,전북 전주시 덕진구 금암1동 ****,-,조심히 안전하게 와주세요 :),[ 25  68 145 210 217],25.0,3500.0
3978,B0QY00MD35,배달,바로결제,"훈제연어 샐러드, 이너프 샐러드",,"오리엔탈, 렌치",배민,11200,3000,14200,2020-08-28 15:05:10,2020-08-28 15:05:22,2020-08-28 16:05:22,전북 전주시 덕진구 금암1동 ****,포토리뷰쓸게요 잘부탁드려요,조심히 안전하게 와주세요 :),[  8 128 182],8.0,5100.0
3979,B0QY00OAM7,배달,바로결제,"닭가슴살 샐러드, 목살 샐러드",,"오리엔탈, 오리엔탈",배민,12300,3500,15800,2020-08-28 15:50:29,2020-08-28 15:51:51,2020-08-28 16:51:51,전북 전주시 덕진구 진북동 ****,-,문앞에 두고 벨 눌러주세요,[ 13  27 133],13.0,3300.0
3983,B0QY00RJB9,배달,바로결제,훈제연어 샐러드,목살 (100g),렌치,배민,10200,3000,13200,2020-08-28 16:54:39,2020-08-28 16:54:57,2020-08-28 17:54:57,전북 전주시 덕진구 덕진동 ****,-,조심히 안전하게 와주세요 :),[ 31 174 178 216],31.0,3300.0
3985,B0QY00TNT1,배달,바로결제,"목살 샐러드, 훈제연어 샐러드",숲속토핑 (110g),"오리엔탈, 발사믹",배민,15400,3000,18400,2020-08-28 17:43:12,2020-08-28 17:43:21,2020-08-28 18:43:21,전북 전주시 덕진구 덕진동 ****,-,조심히 안전하게 와주세요 :),[ 50  89 112 199],50.0,4100.0
3987,B0QY00XRSY,배달,바로결제,"숲속 샐러드, 숲속 샐러드",,"드레싱, 렌치",배민,11800,5000,16800,2020-08-28 18:00:44,2020-08-28 18:00:59,2020-08-28 19:00:59,전북 전주시 완산구 중화산1동 ****,-,조심히 안전하게 와주세요 :),[  3  42 123 171 172],3.0,3800.0
